,uniprot_id,superfamily,family,subfamily
0,Q81JT5,no_supfam,no_fam,no_subfam
1,Q81R22,no_supfam,dihydrofolate_reductase_family,no_subfam
2,Q81RP3,no_supfam,NAD_synthetase_family,no_subfam
3,Q81RQ8,no_supfam,no_fam,no_subfam
4,Q81S73,no_supfam,UMP_kinase_family,no_subfam
5,Q81TP1,no_supfam,"dTDP-4-dehydrorhamnose_3,5-epimerase_family",no_subfam
6,Q81UB2,no_supfam,azoreductase_type_1_family,no_subfam
7,Q81UT5,no_supfam,no_fam,no_subfam
8,Q81VW8,no_supfam,DHPS_family,no_subfam
9,Q81YT5,class_IV-like_SAM-binding_methyltransferase_superfamily,RNA_methyltransferase_TrmH_family,TrmL_subfamily
10,Q820T1,thiolase-like_superfamily,FabH_family,no_subfam
11,Q82L35,no_supfam,no_fam,no_subfam
12,Q82ZE3,no_supfam,no_fam,no_subfam
13,Q82ZJ0,no_supfam,polypeptide_deformylase_family,no_subfam
14,Q830K4,no_supfam,Thz_kinase_family,no_subfam
15,Q831B2,no_supfam,azoreductase_type_1_family,no_subfam
16,Q831P9,no_supfam,bacterial_CoaD_family,no_subfam
17,Q833W9,no_supfam,carbohydrate_kinase_PfkB_family,LacC_subfamily
18,Q834R2,no_supfam,dihydrofolate_reductase_family,no_subfam
19,Q834R3,no_supfam,thymidylate_synthase_family,Bacterial-type_ThyA_subfamily
20,Q836G9,no_supfam,no_fam,no_subfam
21,Q837J0,no_supfam,alanine_racemase_family,no_subfam
22,Q839Z1,no_supfam,type_II_topoisomerase_family,no_subfam
23,Q83AB2,no_supfam,dihydrofolate_reductase_family,no_subfam
24,Q83AU6,no_supfam,phosphoglycerate_kinase_family,no_subfam
25,Q83BY6,no_supfam,no_fam,no_subfam
26,Q83D22,no_supfam,no_fam,no_subfam
27,Q83EL7,no_supfam,no_fam,no_subfam
28,Q83EV9,no_supfam,prokaryotic_pantothenate_kinase_family,no_subfam
29,Q83WF2,no_supfam,methyltransferase_OleY/MycE_family,no_subfam
30,Q83WG3,no_supfam,cytochrome_P450_family,no_subfam
31,Q84AR1,no_supfam,trans-sulfuration_enzymes_family,no_subfam
32,Q84BQ9,methyltransferase_superfamily,PrmA_family,no_subfam
33,Q84CU3,no_supfam,Nudix_hydrolase_family,no_subfam
34,Q84HC8,class_I-like_SAM-binding_methyltransferase_superfamily,Cation-independent_O-methyltransferase_family,no_subfam
35,Q84KJ5,no_supfam,DNA_photolyase_class-1_family,no_subfam
36,Q859P9,no_supfam,phage_and_mitochondrial_RNA_polymerase_family,no_subfam
37,Q86C09,no_supfam,FPP/GGPP_synthase_family,no_subfam
38,Q86D28,no_supfam,trans-sulfuration_enzymes_family,no_subfam
39,Q86MV5,no_supfam,no_fam,no_subfam
40,Q86QZ1,no_supfam,no_fam,no_subfam
41,Q86U44,no_supfam,MT-A70-like_family,no_subfam
42,Q86W50,methyltransferase_superfamily,METTL16/RlmF_family,no_subfam
43,Q86W56,no_supfam,poly(ADP-ribose)_glycohydrolase_family,no_subfam
44,Q86X55,class_I-like_SAM-binding_methyltransferase_superfamily,Protein_arginine_N-methyltransferase_family,no_subfam
45,Q86YV6,protein_kinase_superfamily,CAMK_Ser/Thr_protein_kinase_family,no_subfam
46,Q873X9,no_supfam,glycosyl_hydrolase_18_family,Chitinase_class_V_subfamily
47,Q877G8,no_supfam,TCP-1_chaperonin_family,no_subfam
48,Q87CC0,no_supfam,no_fam,no_subfam
49,Q88E39,no_supfam,no_fam,no_subfam
50,Q88JU2,no_supfam,no_fam,no_subfam
51,Q88NF7,no_supfam,no_fam,no_subfam
52,Q89VT8,no_supfam,class-II_aminoacyl-tRNA_synthetase_family,Amino_acid--[acyl-carrier-protein]_ligase_subfamily
53,Q89YQ6,no_supfam,no_fam,no_subfam
54,Q89Z59,no_supfam,N(4)/N(6)-methyltransferase_family,no_subfam
55,Q89ZI2,no_supfam,glycosyl_hydrolase_84_family,no_subfam
56,Q8A013,no_supfam,no_fam,no_subfam
57,Q8A3I2,no_supfam,no_fam,no_subfam
58,Q8A8A4,no_supfam,no_fam,no_subfam
59,Q8AAN6,no_supfam,phenylacetyl-CoA_ligase_family,no_subfam
60,Q8ABD0,no_supfam,no_fam,no_subfam
61,Q8BGV8,no_supfam,MID49/MID51_family,no_subfam
62,Q8BH64,TRAFAC_class_dynamin-like_GTPase_superfamily,Dynamin/Fzo/YdjA_family,EHD_subfamily
63,Q8BTI9,no_supfam,PI3/PI4-kinase_family,no_subfam
64,Q8C6L5,no_supfam,mab-21_family,no_subfam
65,Q8D0U0,no_supfam,folylpolyglutamate_synthase_family,no_subfam
66,Q8DNV6,no_supfam,MurCDEF_family,MurF_subfamily
67,Q8DP79,no_supfam,polypeptide_deformylase_family,no_subfam
68,Q8DQ16,no_supfam,PNP/UDP_phosphorylase_family,MtnN_subfamily
69,Q8DQB5,no_supfam,type_II_topoisomerase_family,ParE_type_2_subfamily
70,Q8DR49,no_supfam,no_fam,no_subfam
71,Q8DSS3,no_supfam,no_fam,no_subfam
72,Q8DT00,no_supfam,glycosyl_hydrolase_1_family,no_subfam
73,Q8DUW5,methyltransferase_superfamily,RlmI_family,no_subfam
74,Q8DVA1,no_supfam,dihydroorotate_dehydrogenase_family,Type_1_subfamily
75,Q8DVL0,no_supfam,methyltransferase_superfamily,no_subfam
76,Q8DVV9,no_supfam,no_fam,no_subfam
77,Q8DVW4,no_supfam,no_fam,no_subfam
78,Q8DW05,no_supfam,no_fam,no_subfam
79,Q8DW21,no_supfam,no_fam,no_subfam
80,Q8DY32,no_supfam,no_fam,no_subfam
81,Q8E9K5,no_supfam,no_fam,no_subfam
82,Q8EBV3,no_supfam,no_fam,no_subfam
83,Q8EEB1,no_supfam,DegT/DnrJ/EryC1_family,no_subfam
84,Q8EEC8,no_supfam,no_fam,no_subfam
85,Q8EGK4,no_supfam,no_fam,no_subfam
86,Q8EVR5,class_I-like_SAM-binding_methyltransferase_superfamily,C5-methyltransferase_family,no_subfam
87,Q8F8Y3,no_supfam,no_fam,no_subfam
88,Q8FI04,no_supfam,GHMP_kinase_family,IspE_subfamily
89,Q8G2R2,no_supfam,histidinol_dehydrogenase_family,no_subfam
90,Q8GBB2,class_I-like_SAM-binding_methyltransferase_superfamily,TRM61_family,no_subfam
91,Q8GCC5,no_supfam,no_fam,no_subfam
92,Q8GN86,no_supfam,no_fam,no_subfam
93,Q8GR64,no_supfam,bacterial_PQQ_dehydrogenase_family,no_subfam
94,Q8GU20,no_supfam,glycosyl_hydrolase_1_family,no_subfam
95,Q8GZB6,class_V-like_SAM-binding_methyltransferase_superfamily,Histone-lysine_methyltransferase_family,Suvar3-9_subfamily
96,Q8I0V4,no_supfam,no_fam,no_subfam
97,Q8I240,no_supfam,no_fam,no_subfam
98,Q8I4S1,no_supfam,no_fam,no_subfam
99,Q8I4V8,no_supfam,no_fam,no_subfam
100,Q8I5R7,no_supfam,class-II_aminoacyl-tRNA_synthetase_family,ProS_type_3_subfamily
101,Q8I6L9,no_supfam,no_fam,no_subfam
102,Q8I814,no_supfam,no_fam,no_subfam
103,Q8IDW3,no_supfam,no_fam,no_subfam
104,Q8IEL9,no_supfam,no_fam,no_subfam
105,Q8II73,no_supfam,spermidine/spermine_synthase_family,no_subfam
106,Q8II92,no_supfam,no_fam,no_subfam
107,Q8IIS0,no_supfam,DTD_family,no_subfam
108,Q8IJR9,no_supfam,no_fam,no_subfam
109,Q8IL11,no_supfam,no_fam,no_subfam
110,Q8IL19,no_supfam,no_fam,no_subfam
111,Q8IL32,no_supfam,no_fam,no_subfam
112,Q8ILQ7,no_supfam,GST_superfamily,no_subfam
113,Q8IU85,protein_kinase_superfamily,CAMK_Ser/Thr_protein_kinase_family,CaMK_subfamily
114,Q8IVW4,protein_kinase_superfamily,CMGC_Ser/Thr_protein_kinase_family,CDC2/CDKX_subfamily
115,Q8IXJ6,no_supfam,sirtuin_family,Class_I_subfamily
116,Q8JZL3,no_supfam,ThTPase_family,no_subfam
117,Q8JZM0,class_I-like_SAM-binding_methyltransferase_superfamily,rRNA_adenine_N(6)-methyltransferase_family,KsgA_subfamily
118,Q8KF94,no_supfam,no_fam,no_subfam
119,Q8KFD9,no_supfam,precorrin_methyltransferase_family,no_subfam
120,Q8KGE0,class_I-like_SAM-binding_methyltransferase_superfamily,Cation-independent_O-methyltransferase_family,no_subfam
121,Q8KI25,no_supfam,no_fam,no_subfam
122,Q8KN66,no_supfam,no_fam,no_subfam
123,Q8KND8,no_supfam,DegT/DnrJ/EryC1_family,no_subfam
124,Q8KNE0,no_supfam,no_fam,no_subfam
125,Q8KNE5,no_supfam,no_fam,no_subfam
126,Q8KNF1,no_supfam,no_fam,no_subfam
127,Q8KNF6,no_supfam,UDP-glucose/GDP-mannose_dehydrogenase_family,no_subfam
128,Q8KNP3,no_supfam,no_fam,no_subfam
129,Q8KNZ7,no_supfam,no_fam,no_subfam
130,Q8KZ94,no_supfam,methyltransferase_superfamily,no_subfam
131,Q8L0V4,no_supfam,glycosyltransferase_2_family,CS/HAS_subfamily
132,Q8L794,no_supfam,FGGY_kinase_family,no_subfam
133,Q8LAH7,no_supfam,NADH:flavin_oxidoreductase/NADH_oxidase_family,no_subfam
134,Q8LPE0,protein_kinase_superfamily,AGC_Ser/Thr_protein_kinase_family,no_subfam
135,Q8MNY2,no_supfam,peptidase_C1_family,no_subfam
136,Q8MU52,no_supfam,GST_superfamily,no_subfam
137,Q8N1G2,no_supfam,no_fam,no_subfam
138,Q8N1Q1,no_supfam,alpha-carbonic_anhydrase_family,no_subfam
139,Q8N4Q0,no_supfam,zinc-containing_alcohol_dehydrogenase_family,Quinone_oxidoreductase_subfamily
140,Q8N5Z0,no_supfam,class-I_pyridoxal-phosphate-dependent_aminotransferase_family,no_subfam
141,Q8N6T7,no_supfam,sirtuin_family,Class_IV_subfamily
142,Q8N8N7,no_supfam,NADP-dependent_oxidoreductase_L4BD_family,no_subfam
143,Q8NEB9,no_supfam,PI3/PI4-kinase_family,no_subfam
144,Q8NEZ4,class_V-like_SAM-binding_methyltransferase_superfamily,Histone-lysine_methyltransferase_family,TRX/MLL_subfamily
145,Q8NMG3,no_supfam,no_fam,no_subfam
146,Q8NS38,no_supfam,thymidylate_synthase_family,Bacterial-type_ThyA_subfamily
147,Q8NX33,no_supfam,FtsA/MreB_family,no_subfam
148,Q8PC69,no_supfam,no_fam,no_subfam
149,Q8PVT6,no_supfam,CofD_family,no_subfam
150,Q8PVV4,no_supfam,no_fam,no_subfam
151,Q8PWY1,no_supfam,class-II_aminoacyl-tRNA_synthetase_family,no_subfam
152,Q8PYK9,no_supfam,no_fam,no_subfam
153,Q8QL64,no_supfam,no_fam,no_subfam
154,Q8RCC2,no_supfam,no_fam,no_subfam
155,Q8RDB0,no_supfam,carbamoyltransferase_HypF_family,no_subfam
156,Q8RQE9,no_supfam,RNA_polymerase_beta_chain_family,no_subfam
157,Q8RQP5,no_supfam,IspF_family,no_subfam
158,Q8SDV3,no_supfam,no_fam,no_subfam
159,Q8SR66,class_I-like_SAM-binding_methyltransferase_superfamily,mRNA_cap_0_methyltransferase_family,no_subfam
160,Q8SRR4,no_supfam,no_fam,no_subfam
161,Q8T0W7,no_supfam,glycosyl_hydrolase_1_family,no_subfam
162,Q8T5T8,no_supfam,thymidylate_synthase_family,no_subfam
163,Q8T6T7,no_supfam,ATP:guanido_phosphotransferase_family,no_subfam
164,Q8TAI7,small_GTPase_superfamily,Rheb_family,no_subfam
165,Q8TEK3,class_I-like_SAM-binding_methyltransferase_superfamily,DOT1_family,no_subfam
166,Q8TF76,protein_kinase_superfamily,Ser/Thr_protein_kinase_family,Haspin_subfamily
167,Q8TL28,no_supfam,peptidase_M43B_family,no_subfam
168,Q8TTU7,no_supfam,no_fam,no_subfam
169,Q8TX37,no_supfam,no_fam,no_subfam
170,Q8TZS9,no_supfam,no_fam,no_subfam
171,Q8U070,no_supfam,GTP-binding_SRP_family,SRP54_subfamily
172,Q8U093,no_supfam,TrpB_family,no_subfam
173,Q8U0R7,no_supfam,phosphohexose_mutase_family,no_subfam
174,Q8U122,no_supfam,UMP_kinase_family,no_subfam
175,Q8U1S6,no_supfam,CRISPR_system_Cmr2_family,no_subfam
176,Q8U248,no_supfam,methyltransferase_superfamily,no_subfam
177,Q8U2K6,no_supfam,no_fam,no_subfam
178,Q8U2X0,no_supfam,no_fam,no_subfam
179,Q8U4M2,methyltransferase_superfamily,Fibrillarin_family,no_subfam
180,Q8UH15,methyltransferase_superfamily,Tam_family,no_subfam
181,Q8VDF3,protein_kinase_superfamily,CAMK_Ser/Thr_protein_kinase_family,DAP_kinase_subfamily
182,Q8VDG3,no_supfam,CAF1_family,no_subfam
183,Q8VQF4,no_supfam,flavodoxin_family,no_subfam
184,Q8VZS8,no_supfam,PYR/PYL/RCAR_abscisic_acid_intracellular_receptor_family,no_subfam
185,Q8WQX9,no_supfam,cyclic_nucleotide_phosphodiesterase_family,no_subfam
186,Q8WSF8,no_supfam,no_fam,no_subfam
187,Q8WTS6,class_V-like_SAM-binding_methyltransferase_superfamily,Histone-lysine_methyltransferase_family,SET7_subfamily
188,Q8WU08,protein_kinase_superfamily,Ser/Thr_protein_kinase_family,no_subfam
189,Q8WUI4,no_supfam,histone_deacetylase_family,HD_type_2_subfamily
190,Q8WXF7,TRAFAC_class_dynamin-like_GTPase_superfamily,GB1/RHD3-type_GTPase_family,GB1_subfamily
191,Q8X607,no_supfam,AceK_family,no_subfam
192,Q8X831,no_supfam,no_fam,no_subfam
193,Q8XDG3,class_I-like_SAM-binding_methyltransferase_superfamily,CmoM_family,no_subfam
194,Q8Y6U9,no_supfam,no_fam,no_subfam
195,Q8YC53,no_supfam,no_fam,no_subfam
196,Q8YGH2,no_supfam,DMRL_synthase_family,no_subfam
197,Q8YQW3,no_supfam,no_fam,no_subfam
198,Q8YUQ7,no_supfam,no_fam,no_subfam
199,Q8ZD36,methyltransferase_superfamily,tRNA_(mnm(5)s(2)U34)-methyltransferase_family,no_subfam
200,Q8ZG15,no_supfam,GTP_cyclohydrolase_I_family,no_subfam
201,Q8ZIE7,no_supfam,D-alanine--D-alanine_ligase_family,no_subfam
202,Q8ZKF6,no_supfam,ATP-dependent_AMP-binding_enzyme_family,no_subfam
203,Q8ZNT7,no_supfam,ACC_deaminase/D-cysteine_desulfhydrase_family,no_subfam
204,Q8ZYK1,no_supfam,CDC6/cdc18_family,no_subfam
205,Q8ZYN0,methyltransferase_superfamily,L-isoaspartyl/D-aspartyl_protein_methyltransferase_family,no_subfam
206,Q90282,venom_metalloproteinase_(M12B)_family,P-III_subfamily,P-IIIb_sub-subfamily
207,Q90K99,no_supfam,retroviral_Pol_polyprotein_family,no_subfam
208,Q91977,no_supfam,glutamate-gated_ion_channel_(TC_1.A.10.1)_family,NR1/GRIN1_subfamily
209,Q91L20,no_supfam,no_fam,no_subfam
210,Q91MB1,no_supfam,influenza_viruses_PB2_family,no_subfam
211,Q91XB0,exonuclease_superfamily,TREX_family,no_subfam
212,Q921J2,small_GTPase_superfamily,Rheb_family,no_subfam
213,Q922S4,no_supfam,cyclic_nucleotide_phosphodiesterase_family,PDE2_subfamily
214,Q922S8,TRAFAC_class_myosin-kinesin_ATPase_superfamily,Kinesin_family,MCAK/KIF2_subfamily
215,Q923J1,protein_kinase_superfamily,Alpha-type_protein_kinase_family,ALPK_subfamily
216,Q92633,no_supfam,G-protein_coupled_receptor_1_family,no_subfam
217,Q92730,small_GTPase_superfamily,Rho_family,no_subfam
218,Q92731,no_supfam,nuclear_hormone_receptor_family,NR3_subfamily
219,Q92793,no_supfam,no_fam,no_subfam
220,Q92876,no_supfam,peptidase_S1_family,Kallikrein_subfamily
221,Q92PC8,no_supfam,BluB_family,no_subfam
222,Q92ZM6,no_supfam,non-flavoprotein_flavin_reductase_family,no_subfam
223,Q93113,GST_superfamily,Theta_family,no_subfam
224,Q93AT8,no_supfam,no_fam,no_subfam
225,Q93EK7,no_supfam,no_fam,no_subfam
226,Q93ET9,no_supfam,no_fam,no_subfam
227,Q93IG4,no_supfam,no_fam,no_subfam
228,Q93K97,no_supfam,Nudix_hydrolase_family,NudF_subfamily
229,Q93KQ6,no_supfam,no_fam,no_subfam
230,Q93L51,no_supfam,no_fam,no_subfam
231,Q93RE9,no_supfam,no_fam,no_subfam
232,Q93YN9,no_supfam,IPK1_type_2_family,no_subfam
233,Q93ZN9,no_supfam,class-I_pyridoxal-phosphate-dependent_aminotransferase_family,LL-diaminopimelate_aminotransferase_subfamily
234,Q94F62,protein_kinase_superfamily,Ser/Thr_protein_kinase_family,no_subfam
235,Q94M05,no_supfam,no_fam,no_subfam
236,Q95460,no_supfam,MHC_class_I_family,no_subfam
237,Q95WL3,no_supfam,FPP/GGPP_synthase_family,no_subfam
238,Q96323,no_supfam,iron/ascorbate-dependent_oxidoreductase_family,no_subfam
239,Q96529,no_supfam,adenylosuccinate_synthetase_family,no_subfam
240,Q969G6,no_supfam,no_fam,no_subfam
241,Q96BM9,small_GTPase_superfamily,Arf_family,no_subfam
242,Q96C86,no_supfam,HIT_family,no_subfam
243,Q96CB9,class_I-like_SAM-binding_methyltransferase_superfamily,RsmB/NOP_family,no_subfam
244,Q96EB6,no_supfam,sirtuin_family,Class_I_subfamily
245,Q96EP0,no_supfam,RBR_family,no_subfam
246,Q96EY8,no_supfam,Cob(I)alamin_adenosyltransferase_family,no_subfam
247,Q96FX7,class_I-like_SAM-binding_methyltransferase_superfamily,TRM61_family,no_subfam
248,Q96GD4,protein_kinase_superfamily,Ser/Thr_protein_kinase_family,Aurora_subfamily
249,Q96KQ7,class_V-like_SAM-binding_methyltransferase_superfamily,Histone-lysine_methyltransferase_family,Suvar3-9_subfamily
250,Q96L73,no_supfam,class_V-like_SAM-binding_methyltransferase_superfamily,no_subfam
251,Q96LA8,class_I-like_SAM-binding_methyltransferase_superfamily,Protein_arginine_N-methyltransferase_family,PRMT6_subfamily
252,Q96LI5,no_supfam,CCR4/nocturin_family,no_subfam
253,Q96NX5,protein_kinase_superfamily,CAMK_Ser/Thr_protein_kinase_family,CaMK_subfamily
254,Q96P09,no_supfam,IAP_family,no_subfam
255,Q96PN6,no_supfam,adenylyl_cyclase_class-4/guanylyl_cyclase_family,no_subfam
256,Q96RI1,no_supfam,nuclear_hormone_receptor_family,NR1_subfamily
257,Q96RR4,protein_kinase_superfamily,Ser/Thr_protein_kinase_family,no_subfam
258,Q96SB4,protein_kinase_superfamily,CMGC_Ser/Thr_protein_kinase_family,no_subfam
259,Q96T66,no_supfam,eukaryotic_NMN_adenylyltransferase_family,no_subfam
260,Q96XN9,no_supfam,no_fam,no_subfam
261,Q96Y14,no_supfam,no_fam,no_subfam
262,Q970Q8,no_supfam,thymidylate_kinase_family,no_subfam
263,Q970S6,no_supfam,SUA5_family,no_subfam
264,Q970U6,no_supfam,RimK_family,LysX_subfamily
265,Q975F9,no_supfam,no_fam,no_subfam
266,Q97T38,no_supfam,MnmA/TRMU_family,no_subfam
267,Q97UU7,no_supfam,no_fam,no_subfam
268,Q97VM5,no_supfam,class-V_pyridoxal-phosphate-dependent_aminotransferase_family,no_subfam
269,Q97W22,no_supfam,no_fam,no_subfam
270,Q97W95,no_supfam,no_fam,no_subfam
271,Q97XZ3,no_supfam,class-I_pyridine_nucleotide-disulfide_oxidoreductase_family,no_subfam
272,Q97Y08,no_supfam,no_fam,no_subfam
273,Q97ZE2,no_supfam,UMP_kinase_family,no_subfam
274,Q980A5,TRAFAC_class_translation_factor_GTPase_superfamily,Classic_translation_factor_GTPase_family,EIF2G_subfamily
275,Q980Q4,no_supfam,UPRTase_family,no_subfam
276,Q980S9,no_supfam,AdoMet_synthase_2_family,no_subfam
277,Q986N2,no_supfam,DMRL_synthase_family,no_subfam
278,Q98GN8,no_supfam,potassium_channel_family,no_subfam
279,Q99418,no_supfam,no_fam,no_subfam
280,Q99447,no_supfam,cytidylyltransferase_family,no_subfam
281,Q99558,protein_kinase_superfamily,STE_Ser/Thr_protein_kinase_family,MAP_kinase_kinase_kinase_subfamily
282,Q99661,TRAFAC_class_myosin-kinesin_ATPase_superfamily,Kinesin_family,MCAK/KIF2_subfamily
283,Q99683,protein_kinase_superfamily,STE_Ser/Thr_protein_kinase_family,MAP_kinase_kinase_kinase_subfamily
284,Q99685,AB_hydrolase_superfamily,Monoacylglycerol_lipase_family,no_subfam
285,Q99707,no_supfam,vitamin-B12_dependent_methionine_synthase_family,no_subfam
286,Q99835,no_supfam,G-protein_coupled_receptor_Fz/Smo_family,no_subfam
287,Q99986,protein_kinase_superfamily,CK1_Ser/Thr_protein_kinase_family,VRK_subfamily
288,Q99AU2,no_supfam,no_fam,no_subfam
289,Q99KQ4,no_supfam,NAPRTase_family,no_subfam
290,Q99P58,small_GTPase_superfamily,Rab_family,no_subfam
291,Q99T13,no_supfam,ABC_transporter_superfamily,no_subfam
292,Q99ZA6,no_supfam,ATP-dependent_AMP-binding_enzyme_family,DltA_subfamily
293,Q9A120,no_supfam,no_fam,no_subfam
294,Q9A9H3,no_supfam,DegT/DnrJ/EryC1_family,no_subfam
295,Q9AGP8,no_supfam,GcvT_family,no_subfam
296,Q9AGY4,no_supfam,glucose-1-phosphate_thymidylyltransferase_family,no_subfam
297,Q9AIU0,no_supfam,no_fam,no_subfam
298,Q9ALM7,no_supfam,no_fam,no_subfam
299,Q9ALM8,no_supfam,no_fam,no_subfam
300,Q9ALM9,no_supfam,no_fam,no_subfam
301,Q9AMP1,no_supfam,no_fam,no_subfam
302,Q9AQ17,no_supfam,glycosyltransferase_23_family,no_subfam
303,Q9AQS0,no_supfam,polysaccharide_lyase_8_family,no_subfam
304,Q9AXT8,class_I-like_SAM-binding_methyltransferase_superfamily,C5-methyltransferase_family,no_subfam
305,Q9BH77,no_supfam,no_fam,no_subfam
306,Q9BJF5,no_supfam,no_fam,no_subfam
307,Q9BJJ9,no_supfam,no_fam,no_subfam
308,Q9BRS2,protein_kinase_superfamily,RIO-type_Ser/Thr_kinase_family,no_subfam
309,Q9BTU6,no_supfam,PI3/PI4-kinase_family,Type_II_PI4K_subfamily
310,Q9BVA6,no_supfam,fic_family,no_subfam
311,Q9BWT3,no_supfam,poly(A)_polymerase_family,no_subfam
312,Q9BY41,no_supfam,histone_deacetylase_family,HD_type_1_subfamily
313,Q9BYF1,no_supfam,peptidase_M2_family,no_subfam
314,Q9BYW2,class_V-like_SAM-binding_methyltransferase_superfamily,Histone-lysine_methyltransferase_family,SET2_subfamily
315,Q9BZP6,no_supfam,glycosyl_hydrolase_18_family,Chitinase_class_II_subfamily
316,Q9C0B1,no_supfam,fto_family,no_subfam
317,Q9C1B7,no_supfam,trichothecene_O-acetyltransferase_family,no_subfam
318,Q9C6D2,no_supfam,methylthioribose_kinase_family,no_subfam
319,Q9CCZ4,no_supfam,UPF0677_family,no_subfam
320,Q9CIV7,no_supfam,no_fam,no_subfam
321,Q9CKB0,no_supfam,DapA_family,NanA_subfamily
322,Q9CPU0,no_supfam,glyoxalase_I_family,no_subfam
323,Q9CXY6,no_supfam,no_fam,no_subfam
324,Q9DBB5,no_supfam,eukaryotic_initiation_factor_4E_family,no_subfam
325,Q9DCX8,no_supfam,nitroreductase_family,no_subfam
326,Q9E7M1,no_supfam,no_fam,no_subfam
327,Q9EQY0,protein_kinase_superfamily,Ser/Thr_protein_kinase_family,no_subfam
328,Q9EQZ6,no_supfam,no_fam,no_subfam
329,Q9ERI2,small_GTPase_superfamily,Rab_family,no_subfam
330,Q9EVD7,no_supfam,no_fam,no_subfam
331,Q9F118,no_supfam,DegT/DnrJ/EryC1_family,no_subfam
332,Q9F1X5,no_supfam,no_fam,no_subfam
333,Q9F1Y5,no_supfam,geranyl_diphosphate_2-C-methyltransferase_family,no_subfam
334,Q9F4L3,no_supfam,TPP_enzyme_family,no_subfam
335,Q9F7G8,no_supfam,glucose-1-phosphate_thymidylyltransferase_family,no_subfam
336,Q9FBC5,no_supfam,no_fam,no_subfam
337,Q9FD73,no_supfam,no_fam,no_subfam
338,Q9FDD4,no_supfam,no_fam,no_subfam
339,Q9FDN7,no_supfam,zinc_metallo-hydrolase_group_3_family,no_subfam
340,Q9FEW9,no_supfam,NADH:flavin_oxidoreductase/NADH_oxidase_family,no_subfam
341,Q9FK51,no_supfam,galactose-1-phosphate_uridylyltransferase_type_1_family,no_subfam
342,Q9FLN8,methyltransferase_superfamily,SABATH_family,no_subfam
343,Q9FUP0,no_supfam,NADH:flavin_oxidoreductase/NADH_oxidase_family,no_subfam
344,Q9FUZ2,no_supfam,polypeptide_deformylase_family,no_subfam
345,Q9FV53,no_supfam,polypeptide_deformylase_family,no_subfam
346,Q9GK12,no_supfam,N-acetylmuramoyl-L-alanine_amidase_2_family,no_subfam
347,Q9GN60,no_supfam,no_fam,no_subfam
348,Q9GZT9,no_supfam,no_fam,no_subfam
349,Q9GZU7,no_supfam,no_fam,no_subfam
350,Q9GZZ1,no_supfam,acetyltransferase_family,GNAT_subfamily
351,Q9H244,no_supfam,G-protein_coupled_receptor_1_family,no_subfam
352,Q9H2K2,no_supfam,no_fam,no_subfam
353,Q9H477,no_supfam,carbohydrate_kinase_PfkB_family,Ribokinase_subfamily
354,Q9H4B4,protein_kinase_superfamily,Ser/Thr_protein_kinase_family,CDC5/Polo_subfamily
355,Q9H5I1,class_V-like_SAM-binding_methyltransferase_superfamily,Histone-lysine_methyltransferase_family,Suvar3-9_subfamily
356,Q9H7B4,class_V-like_SAM-binding_methyltransferase_superfamily,Histone-lysine_methyltransferase_family,no_subfam
357,Q9H8M2,no_supfam,no_fam,no_subfam
358,Q9H9B1,no_supfam,class_V-like_SAM-binding_methyltransferase_superfamily,no_subfam
359,Q9HAN9,no_supfam,eukaryotic_NMN_adenylyltransferase_family,no_subfam
360,Q9HBH1,no_supfam,polypeptide_deformylase_family,no_subfam
361,Q9HCP0,protein_kinase_superfamily,CK1_Ser/Thr_protein_kinase_family,Casein_kinase_I_subfamily
362,Q9HGR1,no_supfam,no_fam,no_subfam
363,Q9HHB6,no_supfam,GHMP_kinase_family,GalK_subfamily
364,Q9HKL4,no_supfam,thermophilic_archaeal_actin_family,no_subfam
365,Q9HKT1,no_supfam,LplA_family,no_subfam
366,Q9HTN2,no_supfam,acetylglutamate_kinase_family,ArgB_subfamily
367,Q9HU21,no_supfam,"dTDP-4-dehydrorhamnose_3,5-epimerase_family",no_subfam
368,Q9HU22,no_supfam,glucose-1-phosphate_thymidylyltransferase_family,no_subfam
369,Q9HV14,no_supfam,no_fam,no_subfam
370,Q9HVZ7,no_supfam,MurCDEF_family,MurF_subfamily
371,Q9HWH9,no_supfam,nitronate_monooxygenase_family,NMO_class_I_subfamily
372,Q9HX21,no_supfam,NadD_family,no_subfam
373,Q9HXM5,no_supfam,IMPDH/GMPR_family,no_subfam
374,Q9HXN1,no_supfam,bacterial_solute-binding_protein_3_family,no_subfam
375,Q9HYR3,no_supfam,PhzA/PhzB_family,no_subfam
376,Q9I0M3,no_supfam,FtsK/SpoIIIE/SftA_family,no_subfam
377,Q9I4I1,no_supfam,ribonucleoside_diphosphate_reductase_large_chain_family,no_subfam
378,Q9I4V0,no_supfam,nitronate_monooxygenase_family,no_subfam
379,Q9I509,no_supfam,WrbA_family,no_subfam
380,Q9I5F3,no_supfam,azoreductase_type_1_family,no_subfam
381,Q9I5Q5,no_supfam,anhydro-N-acetylmuramic_acid_kinase_family,no_subfam
382,Q9I7A8,no_supfam,polypeptide_deformylase_family,no_subfam
383,Q9I8L5,calycin_superfamily,Fatty-acid_binding_protein_(FABP)_family,no_subfam
384,Q9J006,no_supfam,no_fam,no_subfam
385,Q9JJX7,no_supfam,CCR4/nocturin_family,no_subfam
386,Q9JLS3,protein_kinase_superfamily,STE_Ser/Thr_protein_kinase_family,STE20_subfamily
387,Q9JLV6,no_supfam,DNA_3^_phosphatase_family,no_subfam
388,Q9K054,no_supfam,PNP/UDP_phosphorylase_family,MtnN_subfamily
389,Q9K0A9,no_supfam,no_fam,no_subfam
390,Q9K395,no_supfam,no_fam,no_subfam
391,Q9KFV3,no_supfam,dCTP_deaminase_family,no_subfam
392,Q9KIZ4,no_supfam,cytochrome_P450_family,no_subfam
393,Q9KN50,no_supfam,no_fam,no_subfam
394,Q9KPI8,no_supfam,PNP/UDP_phosphorylase_family,MtnN_subfamily
395,Q9KQT7,no_supfam,OMP_decarboxylase_family,Type_1_subfamily
396,Q9KRQ7,no_supfam,no_fam,no_subfam
397,Q9KS45,no_supfam,no_fam,no_subfam
398,Q9KTW3,no_supfam,IMPDH/GMPR_family,no_subfam
399,Q9KU37,no_supfam,glycosyl_hydrolase_3_family,NagZ_subfamily
400,Q9KVG7,no_supfam,no_fam,no_subfam
401,Q9L422,no_supfam,P(II)_protein_family,no_subfam
402,Q9L5C8,no_supfam,class-A_beta-lactamase_family,no_subfam
403,Q9LAK3,no_supfam,no_fam,no_subfam
404,Q9LBJ0,no_supfam,no_fam,no_subfam
405,Q9LCV9,no_supfam,TPP_enzyme_family,no_subfam
406,Q9LCY2,methyltransferase_superfamily,RNA_methyltransferase_RsmG_family,no_subfam
407,Q9LYU4,no_supfam,IAA-amido_conjugating_enzyme_family,no_subfam
408,Q9M156,no_supfam,UDP-glycosyltransferase_family,no_subfam
409,Q9M9P3,no_supfam,UDPGP_type_1_family,no_subfam
410,Q9MAA7,no_supfam,^GDXG^_lipolytic_enzyme_family,no_subfam
411,Q9NDD3,no_supfam,no_fam,no_subfam
412,Q9NPB1,no_supfam,5^(3^)-deoxyribonucleotidase_family,no_subfam
413,Q9NQG6,no_supfam,SMCR7_family,no_subfam
414,Q9NQL2,no_supfam,GTR/RAG_GTP-binding_protein_family,no_subfam
415,Q9NQR1,class_V-like_SAM-binding_methyltransferase_superfamily,Histone-lysine_methyltransferase_family,PR/SET_subfamily
416,Q9NQU5,protein_kinase_superfamily,STE_Ser/Thr_protein_kinase_family,STE20_subfamily
417,Q9NR22,class_I-like_SAM-binding_methyltransferase_superfamily,Protein_arginine_N-methyltransferase_family,PRMT8_subfamily
418,Q9NR48,class_V-like_SAM-binding_methyltransferase_superfamily,Histone-lysine_methyltransferase_family,SET2_subfamily
419,Q9NR97,no_supfam,Toll-like_receptor_family,no_subfam
420,Q9NRG4,no_supfam,class_V-like_SAM-binding_methyltransferase_superfamily,no_subfam
421,Q9NRW1,small_GTPase_superfamily,Rab_family,no_subfam
422,Q9NSY1,protein_kinase_superfamily,Ser/Thr_protein_kinase_family,no_subfam
423,Q9NTG7,no_supfam,sirtuin_family,Class_I_subfamily
424,Q9NWW6,no_supfam,uridine_kinase_family,NRK_subfamily
425,Q9NWX6,no_supfam,tRNA(His)_guanylyltransferase_family,no_subfam
426,Q9NWZ3,protein_kinase_superfamily,TKL_Ser/Thr_protein_kinase_family,Pelle_subfamily
427,Q9NXA8,no_supfam,sirtuin_family,Class_III_subfamily
428,Q9NYA1,no_supfam,no_fam,no_subfam
429,Q9NYL2,protein_kinase_superfamily,STE_Ser/Thr_protein_kinase_family,MAP_kinase_kinase_kinase_subfamily
430,Q9NYY3,protein_kinase_superfamily,Ser/Thr_protein_kinase_family,CDC5/Polo_subfamily
431,Q9NZ08,no_supfam,peptidase_M1_family,no_subfam
432,Q9NZJ5,protein_kinase_superfamily,Ser/Thr_protein_kinase_family,GCN2_subfamily
433,Q9P289,protein_kinase_superfamily,STE_Ser/Thr_protein_kinase_family,STE20_subfamily
434,Q9P2T1,no_supfam,IMPDH/GMPR_family,GuaC_type_1_subfamily
435,Q9P7N5,no_supfam,CDC123_family,no_subfam
436,Q9PIB4,no_supfam,class-I_aminoacyl-tRNA_synthetase_family,no_subfam
437,Q9PJ29,no_supfam,glutamate_5-kinase_family,no_subfam
438,Q9PMT7,no_supfam,RuvB_family,no_subfam
439,Q9PPK3,no_supfam,class-II_aminoacyl-tRNA_synthetase_family,no_subfam
440,Q9PPP5,no_supfam,thymidine_kinase_family,no_subfam
441,Q9PTN2,no_supfam,nuclear_hormone_receptor_family,NR1_subfamily
442,Q9Q288,no_supfam,no_fam,no_subfam
443,Q9Q2G8,no_supfam,no_fam,no_subfam
444,Q9Q6P4,class_I-like_SAM-binding_methyltransferase_superfamily,mRNA_cap_0-1_NS5-type_methyltransferase_family,no_subfam
445,Q9QCE4,no_supfam,no_fam,no_subfam
446,Q9QYJ6,no_supfam,cyclic_nucleotide_phosphodiesterase_family,no_subfam
447,Q9QYM2,no_supfam,poly(ADP-ribose)_glycohydrolase_family,no_subfam
448,Q9QZL0,protein_kinase_superfamily,TKL_Ser/Thr_protein_kinase_family,no_subfam
449,Q9R0M5,no_supfam,thiamine_pyrophosphokinase_family,no_subfam
450,Q9R0M6,small_GTPase_superfamily,Rab_family,no_subfam
451,Q9R117,protein_kinase_superfamily,Tyr_protein_kinase_family,JAK_subfamily
452,Q9R194,no_supfam,DNA_photolyase_class-1_family,no_subfam
453,Q9R1E6,no_supfam,nucleotide_pyrophosphatase/phosphodiesterase_family,no_subfam
454,Q9R9V9,no_supfam,no_fam,no_subfam
455,Q9RA63,no_supfam,ClpA/ClpB_family,no_subfam
456,Q9RFD6,no_supfam,NifH/BchL/ChlL_family,no_subfam
457,Q9RFR0,no_supfam,glycosyltransferase_78_family,no_subfam
458,Q9RHV9,no_supfam,class-II_aminoacyl-tRNA_synthetase_family,no_subfam
459,Q9RN59,no_supfam,no_fam,no_subfam
460,Q9RN61,no_supfam,no_fam,no_subfam
461,Q9RTI9,no_supfam,helicase_family,UvrD_subfamily
462,Q9RUB5,no_supfam,transketolase_family,DXPS_subfamily
463,Q9RVD6,no_supfam,class-I_aminoacyl-tRNA_synthetase_family,no_subfam
464,Q9RVK2,no_supfam,Nudix_hydrolase_family,no_subfam
465,Q9RYF1,no_supfam,no_fam,no_subfam
466,Q9RYW8,ABC_transporter_superfamily,UvrA_family,no_subfam
467,Q9S497,no_supfam,no_fam,no_subfam
468,Q9S7B5,no_supfam,threonine_synthase_family,no_subfam
469,Q9SKE2,no_supfam,IAA-amido_conjugating_enzyme_family,no_subfam
470,Q9SN68,small_GTPase_superfamily,Rab_family,no_subfam
471,Q9SPP9,no_supfam,glycosyl_hydrolase_1_family,no_subfam
472,Q9SSM7,no_supfam,PYR/PYL/RCAR_abscisic_acid_intracellular_receptor_family,no_subfam
473,Q9T0N8,no_supfam,oxygen-dependent_FAD-linked_oxidoreductase_family,no_subfam
474,Q9TTF5,no_supfam,no_fam,no_subfam
475,Q9TVW2,no_supfam,carbohydrate_kinase_PfkB_family,no_subfam
476,Q9TZZ6,no_supfam,Orn/Lys/Arg_decarboxylase_class-II_family,no_subfam
477,Q9U1E1,no_supfam,NDK_family,no_subfam
478,Q9U8D3,no_supfam,adenylosuccinate_synthetase_family,no_subfam
479,Q9UBF8,no_supfam,PI3/PI4-kinase_family,Type_III_PI4K_subfamily
480,Q9UBS5,no_supfam,G-protein_coupled_receptor_3_family,GABA-B_receptor_subfamily
481,Q9UBT2,no_supfam,ubiquitin-activating_E1_family,no_subfam
482,Q9UDY8,no_supfam,peptidase_C14B_family,no_subfam
483,Q9UG22,TRAFAC_class_TrmE-Era-EngA-EngB-Septin-like_GTPase_superfamily,AIG1/Toc34/Toc159-like_paraseptin_GTPase_family,IAN_subfamily
484,Q9UGN5,no_supfam,no_fam,no_subfam
485,Q9UH03,TRAFAC_class_TrmE-Era-EngA-EngB-Septin-like_GTPase_superfamily,Septin_GTPase_family,no_subfam
486,Q9UHB4,no_supfam,NADPH-dependent_diflavin_oxidoreductase_NDOR1_family,no_subfam
487,Q9UHD2,protein_kinase_superfamily,Ser/Thr_protein_kinase_family,I-kappa-B_kinase_subfamily
488,Q9UHD8,TRAFAC_class_TrmE-Era-EngA-EngB-Septin-like_GTPase_superfamily,Septin_GTPase_family,no_subfam
489,Q9UHI8,no_supfam,no_fam,no_subfam
490,Q9UI43,class_I-like_SAM-binding_methyltransferase_superfamily,RNA_methyltransferase_RlmE_family,no_subfam
491,Q9UIC8,methyltransferase_superfamily,LCMT_family,no_subfam
492,Q9UIF8,no_supfam,WAL_family,no_subfam
493,Q9UJ70,no_supfam,eukaryotic-type_N-acetylglucosamine_kinase_family,no_subfam
494,Q9UKE5,protein_kinase_superfamily,STE_Ser/Thr_protein_kinase_family,STE20_subfamily
495,Q9UKK9,no_supfam,Nudix_hydrolase_family,no_subfam
496,Q9UL51,no_supfam,potassium_channel_HCN_family,no_subfam
497,Q9UM73,protein_kinase_superfamily,Tyr_protein_kinase_family,Insulin_receptor_subfamily
498,Q9UMR2,no_supfam,DEAD_box_helicase_family,DDX19/DBP5_subfamily
499,Q9UNA0,no_supfam,no_fam,no_subfam
500,Q9UNA4,no_supfam,DNA_polymerase_type-Y_family,no_subfam
501,Q9UNQ2,class_I-like_SAM-binding_methyltransferase_superfamily,rRNA_adenine_N(6)-methyltransferase_family,no_subfam
502,Q9UQM7,protein_kinase_superfamily,CAMK_Ser/Thr_protein_kinase_family,CaMK_subfamily
503,Q9UUB1,no_supfam,DMRL_synthase_family,no_subfam
504,Q9UVX3,no_supfam,NMT_family,no_subfam
505,Q9UXT7,no_supfam,KAE1_/_TsaD_family,no_subfam
506,Q9UYR9,no_supfam,GPN-loop_GTPase_family,no_subfam
507,Q9UZ14,no_supfam,class-II_aminoacyl-tRNA_synthetase_family,no_subfam
508,Q9V1J7,class_I-like_SAM-binding_methyltransferase_superfamily,TRM61_family,no_subfam
509,Q9V2L3,no_supfam,no_fam,no_subfam
510,Q9VC57,TRAFAC_class_dynamin-like_GTPase_superfamily,GB1/RHD3-type_GTPase_family,GB1_subfamily
511,Q9WLZ5,no_supfam,no_fam,no_subfam
512,Q9WMX2,no_supfam,hepacivirus_polyprotein_family,no_subfam
513,Q9WUL6,protein_kinase_superfamily,STE_Ser/Thr_protein_kinase_family,MAP_kinase_kinase_kinase_subfamily
514,Q9WUL7,small_GTPase_superfamily,Arf_family,no_subfam
515,Q9WUN2,protein_kinase_superfamily,Ser/Thr_protein_kinase_family,I-kappa-B_kinase_subfamily
516,Q9WV48,no_supfam,SHANK_family,no_subfam
517,Q9WVG6,class_I-like_SAM-binding_methyltransferase_superfamily,Protein_arginine_N-methyltransferase_family,no_subfam
518,Q9WXM9,no_supfam,UPF0166_family,no_subfam
519,Q9WXV1,no_supfam,dus_family,no_subfam
520,Q9WY43,no_supfam,DisA_family,no_subfam
521,Q9WY54,no_supfam,GcvT_family,no_subfam
522,Q9WY65,ABC_transporter_superfamily,Energy-coupling_factor_EcfA_family,no_subfam
523,Q9WY78,no_supfam,MurCDEF_family,MurF_subfamily
524,Q9WY79,no_supfam,MurCDEF_family,MurE_subfamily
525,Q9WYA4,TRAFAC_class_TrmE-Era-EngA-EngB-Septin-like_GTPase_superfamily,TrmE_GTPase_family,no_subfam
526,Q9WYE2,no_supfam,no_fam,no_subfam
527,Q9WYL6,no_supfam,no_fam,no_subfam
528,Q9WYL7,no_supfam,no_fam,no_subfam
529,Q9WYT0,no_supfam,thymidylate_synthase_ThyX_family,no_subfam
530,Q9WYV8,no_supfam,protein_N5-glutamine_methyltransferase_family,PrmC_subfamily
531,Q9WYW0,no_supfam,sirtuin_family,Class_U_subfamily
532,Q9WYX9,no_supfam,no_fam,no_subfam
533,Q9WZ49,no_supfam,AAA_ATPase_family,no_subfam
534,Q9WZC2,no_supfam,spermidine/spermine_synthase_family,no_subfam
535,Q9WZU0,no_supfam,FtsA/MreB_family,no_subfam
536,Q9WZV7,no_supfam,no_fam,no_subfam
537,Q9WZW1,no_supfam,ribF_family,no_subfam
538,Q9X034,metallo-dependent_hydrolases_superfamily,MTA/SAH_deaminase_family,no_subfam
539,Q9X0C3,no_supfam,no_fam,no_subfam
540,Q9X0C6,no_supfam,HisA/HisF_family,no_subfam
541,Q9X0X3,no_supfam,FGAMS_family,no_subfam
542,Q9X112,no_supfam,vitamin-B12_independent_methionine_synthase_family,no_subfam
543,Q9X180,no_supfam,no_fam,no_subfam
544,Q9X1C3,no_supfam,no_fam,no_subfam
545,Q9X1G6,no_supfam,prokaryotic_riboflavin_transporter_(P-RFT)_(TC_2.A.87)_family,no_subfam
546,Q9X1R4,no_supfam,SecA_family,no_subfam
547,Q9X1U7,no_supfam,ATPase_alpha/beta_chains_family,no_subfam
548,Q9X278,no_supfam,acetokinase_family,no_subfam
549,Q9X2I8,no_supfam,class-I_aminoacyl-tRNA_synthetase_family,Glutamate--tRNA_ligase_type_1_subfamily
550,Q9X2W0,no_supfam,ABC_transporter_superfamily,no_subfam
551,Q9X5T6,class_I-like_SAM-binding_methyltransferase_superfamily,Cation-independent_O-methyltransferase_family,COMT_subfamily
552,Q9X6R4,no_supfam,no_fam,no_subfam
553,Q9XBQ8,radical_SAM_superfamily,KamA_family,no_subfam
554,Q9XG54,no_supfam,NADH:flavin_oxidoreductase/NADH_oxidase_family,no_subfam
555,Q9XW42,class_I-like_SAM-binding_methyltransferase_superfamily,Protein_arginine_N-methyltransferase_family,PRMT7_subfamily
556,Q9XYQ1,no_supfam,ITPK1_family,no_subfam
557,Q9XZJ5,no_supfam,nuclear_hormone_receptor_family,no_subfam
558,Q9XZT6,no_supfam,DCK/DGK_family,no_subfam
559,Q9Y052,no_supfam,no_fam,no_subfam
560,Q9Y223,no_supfam,UDP-N-acetylglucosamine_2-epimerase_family,no_subfam
561,Q9Y230,no_supfam,RuvB_family,no_subfam
562,Q9Y233,no_supfam,cyclic_nucleotide_phosphodiesterase_family,no_subfam
563,Q9Y265,no_supfam,RuvB_family,no_subfam
564,Q9Y2Q3,GST_superfamily,Kappa_family,no_subfam
565,Q9Y2T3,metallo-dependent_hydrolases_superfamily,ATZ/TRZ_family,no_subfam
566,Q9Y2Z4,no_supfam,class-I_aminoacyl-tRNA_synthetase_family,no_subfam
567,Q9Y3Q4,no_supfam,potassium_channel_HCN_family,no_subfam
568,Q9Y3Z3,no_supfam,SAMHD1_family,no_subfam
569,Q9Y468,no_supfam,no_fam,no_subfam
570,Q9Y530,no_supfam,no_fam,no_subfam
571,Q9Y5P4,no_supfam,no_fam,no_subfam
572,Q9Y5S2,protein_kinase_superfamily,AGC_Ser/Thr_protein_kinase_family,DMPK_subfamily
573,Q9Y5Z0,no_supfam,peptidase_A1_family,no_subfam
574,Q9Y6A2,no_supfam,cytochrome_P450_family,no_subfam
575,Q9Y6E0,protein_kinase_superfamily,STE_Ser/Thr_protein_kinase_family,STE20_subfamily
576,Q9Y6F1,no_supfam,no_fam,no_subfam
577,Q9Y6K1,class_I-like_SAM-binding_methyltransferase_superfamily,C5-methyltransferase_family,no_subfam
578,Q9Y6M4,protein_kinase_superfamily,CK1_Ser/Thr_protein_kinase_family,Casein_kinase_I_subfamily
579,Q9YFU8,no_supfam,CDC6/cdc18_family,no_subfam
580,Q9YFY3,no_supfam,class-II_aminoacyl-tRNA_synthetase_family,Archaea-specific_ThrRS_editing_domain_subfamily
581,Q9Z0Y9,no_supfam,nuclear_hormone_receptor_family,NR1_subfamily
582,Q9ZGC1,no_supfam,no_fam,no_subfam
583,Q9ZGH6,no_supfam,methyltransferase_TylM1/DesVI_family,no_subfam
584,Q9ZK53,no_supfam,flavodoxin_family,no_subfam
585,Q9ZKJ5,no_supfam,no_fam,no_subfam
586,Q9ZLT0,no_supfam,aspartate/glutamate_racemases_family,no_subfam
587,Q9ZTU2,class_I-like_SAM-binding_methyltransferase_superfamily,Cation-independent_O-methyltransferase_family,no_subfam
588,Q9ZWP8,no_supfam,BetVI_family,no_subfam
589,Q9ZWQ6,no_supfam,no_fam,no_subfam
590,R9WYL1,no_supfam,no_fam,no_subfam
591,S6BVH1,no_supfam,cytochrome_P450_family,no_subfam
592,U5HK48,no_supfam,no_fam,no_subfam
593,U6C5W9,no_supfam,no_fam,no_subfam
